gene	data	mdl	term	estimate	std.error	statistic	p.value	conf.low	conf.high	identified_as	gene_label	neg_log10_p
Gene_379			expr_lvl	-0.11176292117213739	0.4593882686065699	-0.24328640674943658	0.8077835339493423	-1.1285363716380465	0.8119099256433325	Non-significant		0.09270500383726585
Gene_203			expr_lvl	-0.10713127311718022	0.4261202984382252	-0.2514108656870545	0.8014964678366369	-1.031555734749387	0.7448037871818362	Non-significant		0.09609838722429417
Gene_C2			expr_lvl	0.5263898687378353	0.46247467310336765	1.1382025856801503	0.2550358992523355	-0.33859546764935294	1.5396141003177695	Non-significant		0.593398683292138
Gene_C4			expr_lvl	0.712516171945837	0.5525381224454416	1.289533053017879	0.19721283302333964	-0.3039515658180863	1.9473108195973436	Non-significant		0.7050648280870718
Gene_C5			expr_lvl	1.2110796952350458	0.6718088242169403	1.8027147777445154	0.07143302013657304	0.03257477417643928	2.7756343420391922	Non-significant		1.1461009878298114
Gene_C7			expr_lvl	0.4951137841386232	0.4966939995289209	0.9968185333589767	0.3188526005974422	-0.44217001698183594	1.5794771149242801	Non-significant		0.49641003650795423
